Álbum,Título,Letra
Yendo De La Cama Al Living,Yendo De La Cama Al Living,"Podés pasear en limousine, cortar las flores del jardín
Podés cambiar el sol y esconderte si no quieres verme
Puedes ver amanecer con caviar desde un hotel
Y no tienes un poquito de amor para dar

Yendo de la cama al living
Sientes el encierro
Yendo de la cama al living

Podés saltar de un trampolín, batir un record en patín
Podés hacer un gol y podés llevar tu nombre al cielo
Puedes ser un gran campeón, jugar en la Selección
Y no tienes un poquito de amor para dar

Yendo de la cama al living
Sientes el encierro
Yendo de la cama al living

Oh, no, no, no
No hay ninguna vibración
Aunque vives en un mundo de cine
No hay señales de algo que vive en mí

Voy yendo de la cama hasta el living
Siento el encierro
Voy yendo de la cama hasta el living

Y te digo
Tu-ru-tu-ru-tu-ru, tu-ru-tu-ru-tu-ra, tu-ru-tu-ru-tu-ra
Tu-ru-tu-ru-tu-ru, tu-ru-tu, yeah"
Yendo De La Cama Al Living,Superhéroes,"Estás buscando direcciones en libros para cocinar
Estás mezclando el dulce con la sal
Vas procurando informaciones en unas cajas de metal
Estás comprando al mundo en un bazar

Mirando su-u-u-perhéroes
Su-u-u-perstars
Te sientes su-u-u-per loca
Sú-ú-ú-per mal, súper mal

Veo las sirvientas en la plaza, vestidas para enamorar
Viviendo cien años de soledad
No pasa nada, nadie pasa, sólo una banda militar
Desafinando el tiempo y el compás

Entonces mírame a mí, tratando que se muevan esos pies
Bajo la luz, tocando hasta el amanecer
No te quedés en casa porque el baile va a empezar
Quiero verte, verte otra vez

Hay un horrible monstruo con peluca (Hay un horrible monstruo con peluca)
Que es dueño, en parte, de esta ciudad de locos (Que es dueño, en parte, de esta ciudad de locos)
Hace que baila con la banda en la ruta
Pero en verdad les roba el oro y les da unas prostitutas

Estás limpiando las cenizas de nuestro breve carnaval
Ya estamos en camino a otra ciudad
Ya ves no somos ni turistas ni artistas de sonrisa y frac
Formamos parte de tu realidad

Por eso estamos aquí, tratando que se muevan éstos pies
Bajo la luz, tocando hasta el amanecer
No te quedés en casa porque el baile va a empezar
Quiero verte, verte otra vez"
Yendo De La Cama Al Living,No Bombardeen Buenos Aires,"Comunicado 234
Estamos ganando
Seguimos ganando
Jajaja
Jajaja

No bombardeen Buenos Aires, no nos podemos defender
Los pibes de mi barrio se escondieron en los caños
Espían al cielo, usan cascos, curten mambos
Escuchando a Clash, escuchando a Clash
¡Sandinista!

Estoy temiendo al rubio ahora, no sé a quién temeré después
Terror y desconfianza por los juegos
Por las transas, por las canas, por las panzas, por las ansias
Por las rancias cunas de poder, cunas de poder (Cunas de poder)

Si querés escucharé a la B.B.C
Aunque quieras que lo hagamos de noche
Y si quieres darme un beso alguna vez
Es posible que me suba a tu coche
Pero no bombardeen Buenos Aires

(Ay, tengo miedo y estoy en la cama, no quiero salir porque me van a tirar una bomba)

No quiero el mundo de Cinzano, no tengo que perder la fe
Quiero treparte pero no pasa nada
Ni siquiera puedo comerme un bife y sentirme bien
(Y sentirme bien; ¡tengo hambre!, tengo hambre, tengo miedo)

Los gurkhas siguen avanzando, los viejos siguen en T.V
Los jefes de los chicos toman whisky con los ricos
Mientras los obreros hacen masa
En la Plaza como aquella vez, como aquella vez

Si querés escucharé a la B.B.C
Aunque quieras que lo hagamos de noche
Y si quieres darme un beso alguna vez
Es posible que me suba a tu coche
¡Pero no bombardeen Barrio Norte!
(¡Wooh!)

¡Buenos Aires!
¡Buenos Aires!
¡Buenos Aires!
No bombardeen Buenos Aires
No bombardeen Buenos Aires
No bombardeen Buenos Aires
No bombardeen Bueno—"
Yendo De La Cama Al Living,Vos También Estabas Verde,"Vuela un jet hacia el sur
La cósmica cintura es el folklórico ataúd de un DC-10
Que se hace estrellas contra el suelo

Hoy estoy como un jet
Perdido entre las nubes
Sin señales para ver a dónde estoy
Pero mi corazón no es ciego

Puedo subir al cielo
Puedo vivir haciendote el amor
Pero me voy

Otro whisky y ya van mil
Yo me pregunto entonces
Si aún estarías aquí cuando yo no era nadie
Y no tenga plata en el bolsillo

La nostalgia, aquí otra vez
No entiendo los que hacen lo mismo que yo hice ayer
Pero como hasta ahí nomás
Como viviendo en el pasado

Hmm, me escapé sin pensar
Escuché a los Beatles
Y me fui a buscar la soledad
Y vos también estabas verde

Puedo subir al cielo
Puedo morir haciendote el amor
Pero me voy
Pero me voy"
Yendo De La Cama Al Living,Yo No Quiero Volverme Tan Loco,"Si esto no es el rock, ¿el rock dónde está?

Yo no quiero volverme tan loco
Yo no quiero vestirme de rojo
Yo no quiero morir en el mundo hoy
Yo no quiero ya verte tan triste
Yo no quiero saber lo que hiciste
Yo no quiero esta pena en mi corazón

Escucho el beat de un tambor entre la desolación
De una radio en una calle desierta
Están las puertas cerradas y las ventanas también
¿No será que nuestra gente está muerta?

Presiento el fin de un amor en la era del color
La televisión está en las vidrieras
Toda esa gente parada que tiene grasa en la piel
No se entera ni que el mundo da vueltas

Yo no quiero meterme en problemas
Yo no quiero asuntos que queman
Yo tan sólo les digo que es un bajón
Yo no quiero sembrar la anarquía
Yo no quiero vivir como digan
Tengo algo que late en mi corazón

Escucho un tango y un rock, y presiento que soy yo
Y quisiera ver al mundo de fiesta
Veo tantas chicas castradas y tantos tontos que al fin
Yo no sé si vivir tanto les cuesta

Yo quiero ver muchos más delirantes por ahí
Bailando en una calle cualquiera
En Buenos Aires se ve que ya no hay tiempo de más
La alegría no es sólo brasilera (No, mi amor)

Yo no quiero vivir paranoico
Yo no quiero ver chicos con odio
Yo no quiero sentir esta depresión
Voy buscando el placer de estar vivo
No me importa si soy un bandido
Voy pateando basura en el callejón

Yo no quiero volverme tan loco
Yo no quiero vestirme de rojo
Yo no quiero morir en el mundo hoy
Yo no quiero ya verte tan triste
Yo no quiero saber lo que hiciste
Yo no quiero esta pena en mi corazón
Yo no quiero esta pena en mi corazón

Yo nunca quise estar loco
Yo creo que todo es una mentira
Yo no quiero
Yo no quiero
Yo quiero
Yo no
Yo quiero..."
Yendo De La Cama Al Living,Canción de Dos por Tres,"No tengo nada que hacer
No tengo nada que dar
No encuentro la magia en mi manera de hablar
No quiero volver nunca más

Todos podemos perder, todos podemos ganar
Entre las sogas del circo y las trincheras del mal
No quiero olvidarme de hablar

Las pálidas figuras se acercaron hasta mí
Mi mente tuvo dudas y fingí que no las ví

Ya no quiero vivir así
Repitiendo las agonías del pasado
Con los hermanos de mi niñez, es muy duro sobrevivir
Aunque el tiempo ya los ha vuelto desconfiados

Tenemos algo para decir

No es la misma canción de dos por tres
Las cosas ya no son como las ves"
Yendo De La Cama Al Living,Peluca Telefónica,"- ¿Ese es tu walkman?
- Qué moderno que es (...)
Todo muy superado, muy liberal

No le debo nada a Entel
Me cuido la nariz (Teléfono)
El silencio termina mañana
Me voy a despedir (Chau)

El tiempo que yo soñé
Es la eternidad, es la dulce fe
De que sigas conmigo por siempre
Por siempre por aquí

Y cuando encuentro un amigo
Lo tengo que buscar
Y voy al supermercado (-ado, -ado, -ado, -ado)
Buscando un capataz

El sueño que yo soñé
Es la humanidad, es la humanidad
El poeta tenía razón
La balsa hay que tomar

- Estoy viviendo aquí en este mundo abandonado
- ¿Te alcanza la renta?
- No, ¿a quién?, ¡ah-uh!

Córtenla
Déjennos vivir en paz
Sáquenla
Sáquenla un poquito, sáquenla un poquito

Cuando vuelvo a mi casa temprano (-prano)
Me tengo que tomar (Tomar, tomar, tomar)
Un litro de vino prestado (-ado, -ado)
Que no pienso pagar

El día de estoy aquí
Es amanecer, es poder creer
Y mirar tus ojos de nave
Viajando hacia mí

- Oye, oye, pana; mira, pero, ¿cómo te traes esta vaina que no lo puedo creer? Mira
- Oye, brother, ¿tienes perico?
- Oye, ahorita mismo, pues tú sabe'
- Eso es lo que queremos y no otra cosa. Máximo nivel
- Todo muy liberal, yendo por Santa Fe, escuchando buena música, muy FM
- ¿Tiene pilas?

Telefón
Tirate ya del trampolín
Papelón
Sacate la gomina, pelá sin brillantina

Ya no tengo monedas de nylon
Perdí mi peluquín (Jajaja)
Me sigo pavimentando
Y llegaré hasta el fin

Aaa-lee-gríí-aa

Quiero ver tu foto en los diarios (¡O-ri-o-ri-e-a!)
Riéndote porque—"
Yendo De La Cama Al Living,Inconsciente Colectivo,"Nace una flor, todos los días sale el sol
De vez en cuando escuchas aquella voz
Como de pan, gustosa de cantar
En los aleros de la mente con las chicharras
Pero a la vez existe un transformador
Que se consume lo mejor que tenés
Te tira atrás, te pide más y más
Y llega un punto en que no querés

Mama la libertad, siempre la llevarás
Dentro del corazón
Te pueden corromper, te puedes olvidar
Pero ella siempre está


Mama la libertad, siempre la llevarás
Dentro del corazón
Te pueden corromper, te puedes olvidar
Pero ella siempre está

Ayer soñé con los hambrientos, los locos
Los que se fueron, los que están en prisión
Hoy desperté cantando esta canción
Que ya fue escrita hace tiempo atrás
Es necesario cantar de nuevo
Una vez más

(Buenas noches, felices sueños)"
Clics Modernos,Nos Siguen Pegando Abajo,"Ella es menor, él es normal
Y lo que están haciendo es un pecado mortal
Ella se quedó sin boda ni arroz
Y al novio lo agarraron entre muchos, más que dos

Miren, lo están golpeando todo el tiempo
Lo vuelven, vuelven a golpear
Nos siguen pegando abajo

Yo estaba en un club, no había casi luz
La puerta de salida tenía un farolito azul
Él se desmayó delante de mí
No fueron las pastillas, fueron los hombres de gris

Miren, lo están golpeando todo el tiempo
Lo vuelven, vuelven a golpear
Nos siguen pegando abajo

Fa-ra-fa-dan-dun-dan-na-na-na-na-na
Da-ra-da-da-na-na-na-na-na
Fa-ra-fa-dan-dun-dan-na-na-na-na-na
Da-ra-da-da-na-na-na-na-na

Ma, ma, ma, estoy yéndome
Soy como una luz apagándose
Desde el piso, los pude ver
Locos de placer, alejándose

Miren, lo están golpeando todo el tiempo
Lo vuelven vuelven a golpear
Nos siguen pegando abajo"
Clics Modernos,No Soy un Extraño,"Acabo de llegar, no soy un extraño
Conozco esta ciudad, no es como en los diarios desde allá
Dos tipos en un bar se toman las manos
Prenden un grabador y bailan un tango de verdad

Y yo los miro sin querer mirar
Enciendo un faso para despistar
Me quedo piola y empiezo a pensar
Que no hay que pescar dos peces con la misma red

Acabo de mirar las luces que pasan
Acabo de cruzar la plaza, las razas y el color

Y siento un humo como familiar
Alguien se acerca y comienza a hablar
Me quedo piola y digo: “¿Qué tal?
¿Vamos a pescar dos peces con la misma red?”
Desprejuiciados son los que vendrán
Y los que están ya no me importan más:
Los carceleros de la humanidad
No me atraparán dos veces con la misma red"
Clics Modernos,Dos Cero Uno,"Él se cansó de hacer canciones de protesta y se vendió a Fiorucci
Él se cansó de andar haciendo apuestas y se puso a estudiar
Un día se cortará el pelo, no creo que pueda dejar de fumar
Anda volado, hace un poco de base, pero no le va mal

No se alquiló ni un guardaespaldas negro, no era Lennon ni Rucci (Ni Rucci)
Se preguntó por qué sus hijos nunca lo invitaban al bar
Un día volverá a las fuentes, no creo que pueda dejar de protestar
Anda ocupado, perdió algo de fama, pero no le va mal

Transas, transas
Transas, transas"
Clics Modernos,Nuevos Trapos,"Daría cualquier cosa por amar
Daría cualquier cosa por poderte dar un poco más
Más de lo que puedo dar
Pero a la vez quiero decirte que
Te encargues de tu vida porque yo no soy mejor que vos
Vos no sos mejor que yo

Y aunque cambiemos de color las trincheras
Y aunque cambiemos de lugar las banderas
Siempre es como la primera vez
Y mientras todo el mundo sigue bailando
Se ven dos pibes que aún siguen buscando
Encontrarse por primera vez

Ja, ja, ja!

Habiendo compartido aquel terror
Habiendo convivido en esta desolación total
Ya no es necesario más

Y aunque cambiemos de color, las trincheras
Y aunque cambiemos de lugar, las banderas
Siempre es como la primera vez
Y mientras todo el mundo sigue bailando
Se ven dos pibes que aún siguen buscando
Encontrarse por primera vez"
Clics Modernos,Bancate Ese Defecto,"Están pasando demasiadas cosas raras
Para que todo pueda seguir tan normal
Desconfío de tu cara de informado
Y de tu instinto de supervivencia
Hace tiempo que no leo ni veo nada
Porque me ofende que todo esté tan mal
Y hasta las personas lindas me dan rabia
Y los chicos y las chicas no hacen nada por cambiar

¡Ey!

Porque algún día se va a abrir esta trampa mortal
Pero hasta entonces llevarás en tu cara, una sombra
Y no presumas más de ser un humano normal
Y no te hagas más el gil que el defecto te nombra

Y yo te digo: “¡Hey, bancate ese defecto!""
No es culpa tuya, si la nariz no hace juego en tu cara
Y yo te digo: “Hey, bancate ese defecto!""
Aunque te arregles las gomas, nena, seguirás siendo rara
(Rara, rara)

(¡Ah, pri-pri-pri!)

Mutilado, desnutrido, deformado
Ojo de vidrio marca tu cicatriz
Marineros, maricones embolsados
Bailan la danza de la ""intelligentsia""
Están pasando demasiadas cosas raras
Para que todo pueda seguir tan normal
Todo el mundo lo conoce por la cara
Todo el mundo se da cuenta por la forma de bailar

(¡Ah!)
(¡Ah, ah, ah!)
(¡Sabor!)
(¡Pri-pri!)

Y yo te digo: “¡Hey, bancate ese defecto!""
No es culpa tuya, si la nariz no hace juego en tu cara
Y yo te digo “¡Hey, bancate ese defecto!""
Aunque te arregles las gomas, nena, seguirás siendo rara
(Rara, rara, rara)"
Clics Modernos,No Me Dejan Salir,"Ah-ah-ah-ah-ah-ah-ah
Ah-ah-ah-ah-ah-ah-ah (Gimme)
Ah-ah-ah-ah-ah-ah-ah
Ah-ah-ah-ah-ah-ah-ah

Estoy verde, no me dejan salir
Estoy verde, no me dejan salir
No puedo largar, no puedo salir
No puedo sentir amor, ese sentimiento
Tengo que volverte a ver
Tengo que volverte a ver
No puedo salir por amor, ese sentimiento

Ah-ah-ah-ah-ah-ah-ah-ah
Ah-ah-ah-ah-ah-ah-ah-ah

Estoy verde, no me dejan salir
Estoy verde, no me dejan salir
No puedo pensar, no puedo vivir
No puedo sentir, si amor es un pensamiento
Tengo que volverte a ver, sí
Tengo que volverte a ver
No puedo perder por amor, ese sentimiento

Tengo que confiar en mi amor
Tengo que confiar en mi sentimiento
Tengo que confiar en mi amor
Tengo que confiar en mi sentimiento

(Gimme)

Ya no sirve vivir para sufrir
¿Te das cuenta? Sacate el mocasín
No puedo calmar, no puedo parir
No puedo esperar mil años que cambie el viento

Tengo que volverte a ver
Tengo que volverte a ver
No puedo perder por amor, ese sentimiento

Tengo que confiar en mi amor (¡Wuh!)
Tengo que confiar en mi sentimiento
Tengo que confiar en mi amor
Tengo que confiar en mi sentimiento

Ah-ah (Gimme)
Ah-ah-ah-ah-ah-ah-ah
Ah-ah-ah-ah-ah-ah (Please, please)
Ah-ah-ah-ah-ah-ah-ah-ah
Ah-ah-ah-ah-ah-ah-ah-ah
Ah-ah-ah-ah-ah-ah-ah-ah (Gimme)
Ah-ah-ah-ah—"
Clics Modernos,Los Dinosaurios,"Los amigos del barrio pueden desaparecer
Los cantores de radio pueden desaparecer
Los que están en los diarios pueden desaparecer
La persona que amas puede desaparecer
Los que están en el aire pueden desaparecer en el aire
Los que están en la calle pueden desaparecer en la calle
Los amigos del barrio pueden desaparecer
Pero los dinosaurios van a desaparecer

No estoy tranquilo, mi amor, hoy es sábado a la noche, un amigo está en cana
Oh, mi amor, desaparece el mundo
Si los pesados, mi amor, llevan todo ese montón de equipaje en la mano
Oh, mi amor, yo quiero estar liviano

Cuando el mundo tira para abajo es mejor no estar atado a nada
Imaginen a los dinosaurios en la cama
Cuando el mundo tira para abajo es mejor no estar atado a nada
Imaginen a los dinosaurios en la cama

Los amigos del barrio pueden desaparecer
Los cantores de radio pueden desaparecer
Los que están en los diarios pueden desaparecer
La persona que amas puede desaparecer
Los que están en el aire pueden desaparecer en el aire
Los que están en la calle pueden desaparecer en la calle (¡Bah!)
Los amigos del barrio pueden desaparecer
Pero los dinosaurios van a desaparecer"
Clics Modernos,Plateado Sobre Plateado (Huellas en el Mar),"Ví la luna chorreando sin parar
Su luz de catedral, y un barco viejo
Cruzando el mar de Sudamérica a Europa
Sobre un espejo lleno de sal

Aeroplanos cortando el celofán
De un cielo tropical
Abriendo surcos van a llevar hacia el exilio o la vuelta
A los que ya no aguantaron más

Huellas en el mar
Sangre en nuestro hogar
¿Por qué tenemos que ir tan lejos
Para estar acá, para estar acá?

Nos quedamos por tener fe
Nos fuimos por amar
Ganamos algo y algo se fue
Algunos hijos son padres
Y algunas huellas ya son la piel

Huellas en el mar
Sangre en nuestro hogar
¿Por qué tenemos que ir tan lejos
Para estar acá, para estar acá?"
Clics Modernos,Ojos de Video Tape,"No tengo agua caliente en el calefón
No tengo que escribir canciones de amor
No ves que espero resucitar
Mientras miras esos ojos de videotape
Ya llega aquel examen del bien y el mal
Ya llegan las noticias cruzando el mar
No ves que el mundo gira al revés
Mientras miras esos ojos de videotape

Este mundo extrañará por siempre
La película que ví una vez
Y este mundo te dirá que siempre
Que es mejor mirar a la pared

Ya tienes las postales del Paraguay
Ya tienes la valija sobre el diván
Te vas, el mundo gira al revés
Mientras miras esos ojos de videotape

Este mundo extrañará por siempre
La película que ví una vez
Y este mundo te dirá que siempre
Que es mejor mirar a la pared

Uhhhhhh
Uhhhhhh
Uhhhhhh
Uhhhhhh"
Piano Bar,Demoliendo Hoteles,"Yo que crecí con Videla
Yo que nací sin poder
Yo que luché por la libertad, pero nunca la pude tener (Tener, tener)
Yo que viví entre fachistas
Yo que morí en el altar
Yo que nací con los que estaban bien
Pero a la noche estaba todo mal

Hoy paso el tiempo, demoliendo hoteles
Mientras los plomos juntan los cables, cazan rehénes
Hoy paso el tiempo, demoliendo hoteles
Mientras los chicos allá en la esquina, pegan carteles
(Gracias, chicos; ah-oh-uh)

Yo fui educado con odio y odiaba la humanidad
Un día me fui con los hippies
Y tuve un amor y también mucho más (Drogas, amor)
Ahora no estoy más tranquilo (Siempre tranquilo)
Y por qué tendría que estar (Wooh)
Todos crecimos sin entender y todavía me siento un anormal

Hoy paso el tiempo, demoliendo hoteles
Mientras los plomos juntan los cables, cazan rehénes
Hoy paso el tiempo, demoliendo hoteles
Mientras los chicos allá en la esquina pegan carteles"
Piano Bar,Promesas Sobre El Bidet,"Por favor, no hagas promesas sobre el bidet
Por favor, no me abrás más los sobres
Por favor, yo te prometo, te esperaré
Si es que paro de correr
Por favor, sigue la sombra de mí, bebe
Por favor, no bebas más, no llorés
Por favor, yo te prometo, te escribiré
Si es que para de llover

¿Por qué me tratas tan bien, me tratas tan mal?
Sabés que no aprendí a vivir
A veces estoy tan bien, estoy tan down
Calambres en el alma
Cada cual tiene un trip en el bocho
Difícil que lleguemos a ponernos de acuerdo (¡De acuerdo!)
(¡De acuerdo!)

(Uh-uh-uuh)

¿Por qué me tratas tan mal, me tratas tan bien?
Sabés que no aprendí a vivir
A veces estoy tan bien, estoy tan down
Calambres en el alma
Cada cual tiene un trip en el bocho
Difícil que lleguemos a ponernos ¡de acuerdo!

¡De acuerdo!
¡De acuerdo!
¡De acuerdo!
¡De acuerdo!"
Piano Bar,Raros Peinados Nuevos,"Y si vas a la derecha y cambiás hacia la izquierda, adelante
Es mejor que estarse quieto, es mejor que ser un vi-gi-lante

Si me gustan las canciones de amor
Y me gustan esos raros peinados nuevos
Ya no quiero criticar
Sólo quiero ser un en-fer-mero
(Uh-oh-uh-oh-oh)

Y si trabajás al pedo y estás haciendo algo nuevo, adelante
Y si cantas a la luna y perdés la vida en un ins-tante

Si luchaste por un mundo mejor
Y te gustan esos raros peinados nuevos
No quiero ver al doctor
Sólo quiero ver al en-fer-mero

Dame un poquito de amor, no quiero un ""toco""
Quiero algo de razón, no quiero un loco (Apagá el televisor)
Si lo que te gusta es gritar, desenchufa el cable del parlante
El silencio tiene acción, el más cuerdo es el más de-li-rante

Me gustaban las canciones de amor (Uuh-la-la)
Me gustaban esos raros peinados nuevos (Uuh-la-la)
De chiquito fui aviador, pero ahora soy un en-fer-mero

Do-do-do-do-ohh, do-do-do-ohh
Do-do-do-do-ohh, do-do-do-ohh"
Piano Bar,Piano Bar,"Rubias de New York, fantasmas de percal
Presten atención, se ha abierto un Piano Bar

¿Será que nací en el sur?
¿Será que encendí la luz de tu amor?

Viudas de Neón, amantes de Gardel
Suena un bandoneón cerca del cabaret

¿Será que nací en el sur?
¿Será que encendí la luz de tu amor?


Las chicas tienen un lugar donde viven esas cosas que asombran
Los chicos tienen un lugar donde ir a conversar
Usa tu rubor, escoge tu disfraz
Plumas de neón, sonrisa de zorzal

Coloca vitrina al sur
Reloca, titila luz, la ciudad"
Piano Bar,No Te Animás A Despegar,"Bah-bah-bah-bah
Bah-bah-bah
Bah-bah-bah-bah
Bah-bah-bah

¿Por qué te quedás en vía muerta?
¿Por qué te quedás en vía muerta?
No sé por qué vas hacia ese lugar
Donde todos han descarrilado
¿Por qué no te animás a despegar?
Yo te digo

¿Por qué te quedás en vía muerta?
¿Por qué te quedás en la puerta?
No sé por qué vas hacia ese lugar
Donde todos han descarrilado
¿Por qué no te animás a despegar?
Yo te digo por qué (Okey)"
Piano Bar,No Se Va A Llamar Mi Amor,"¡Aah-uh!
¡Mi amor!
No te puedo amar
¡Mi amor!
No te puedo amar

Estás prohibida, estás prohibida, ya
Estás prohibida, estás prohibida
Pásenlo en la radio
Por mi amor

Salí
Salí a pescar
Salí (Uh-uh)
Salí a pescar (Uh-uh)

Es un rock, es un blues
Es una mesa de luz
Es un mambo de xuxú
Un manual de Kapelusz
Es mi amor
No se va a llamar

Estás prohibida, estás prohibida, ya
Estás prohibida, estás prohibida
Pásenlo en la radio
Por mi amor
Por mi amor
Por mi amor
Por mi amor"
Piano Bar,Tuve Tu Amor,"Tuve tu amor, tuve tu amor en mí ya
Tuve tu amor
Tú ves tu amor, tú ves tu amor en mí ya
Tuve tu amor

El exilio te vistió de actriz porque
Alguien se confundió, alguien te descubrió
Cansado de esperar, cómo volverte a ver
Alguien se suicidó, alguien te traicionó
Los sitios girarán por siempre
Sitios para transgredir
Hay algo en tu nariz que escondes muy bien
Te encuentro feliz-triste

Susana se escapó, Miguel también
Ana se quedó, Ana se quedó
Te veo bien, te veo muy bien
Te ves muy bien, te ves muy bien
Te ves muy bien así, fumando té
Te tengo que abrazar como si fuera un bebé
Nadie podrá cortar esto otra vez
No importa dónde estés, no importa dónde estés

Yo me pude despedir en septiembre
Pero antes de partir, tuve tu amor

Tuve tu amor, tuve tu amor en mí ya
Tuve tu amor
Tú ves tu amor, tú ves tu amor en mí ya
Tuve tu amor


Tuve tu amor, tuve tu amor en mí ya
Tuve, tuve tu amor
¡Tuve tu amor! Yeah; tuve, tuve tu amor
¡Tuve tu amor!

Tú ves tu amor
Tuve tu amor
(¡Uh-ehh!)"
Piano Bar,Rap Del Exilio,"Tuve un amor en Paraguay
Una flor que se quemó mal
No acabé a decir que sí
Que ya se sacó el toque y me lo dejó a mí

Uh-oh-oh-oh
Uh-oh-oh-oh
Uh-oh-oh-oh
Uh-oh-oh-oh

Sí, me exilé en Madrid, y me fui a New York, sólo porque seguí a Perón
Tenía un sólido futuro artístico y me comí el bajón
Yo tenía tres libros y una foto del Ché
Ahora tengo mil años y muy poco que hacer

Vamo' a baila'
Vamo' a baila'
Vamo' a baila'
Vamo' a baila'
Vamo' a baila'"
Piano Bar,Cerca De La Revolución,"¿Por qué no vienes hasta mí? ¿Por qué no puedo amarte?
¿Por qué no vienes hasta mí?
¿Por qué no cambias como el sol? ¿Por qué eres tan distante?
¿Por qué no cambias como el sol?

Me siento solo y confundido a la vez
Los analistas no podrán entender
Ya no sé bien qué decir, ya no sé más qué hacer
Todo el mundo loco y yo sin poderte ver

Pero si insisto, yo sé muy bien que conseguiré
Pero si insisto, yo sé muy bien que conseguiré

Cerca de la revolución, el pueblo pide sangre
Cerca de la revolución, yo estoy cantando esta canción
Que alguna vez fue hambre, estoy cantando esta canción

Y si mañana es como ayer otra vez
Lo que fue hermoso será horrible después
No es sólo una cuestión de elecciones
No elegí este mundo, pero aprendí a querer

Pero si insisto, yo sé muy bien que conseguiré (Seguiré)
Pero si insisto, yo sé muy bien que conseguiré (Seguiré)
Yeah, yeah, yeah


Si estas palabras te pudieran dar fe
Si esta armonía te ayudara a creer
Yo sería tan feliz, tan feliz en el mundo
Que moriría arrodillado a tus pies

Pero si insisto, yo sé muy bien que conseguiré (Seguiré)
Pero si insisto, yo sé muy bien que conseguiré (Seguiré)
Yeah, yeah, yeah

(Seguiré)

Pero si insisto, yo sé muy bien que conseguiré (Seguiré)
(Seguiré)"
Piano Bar,Total Interferencia,"Tiene manos de marfil y teclados de Taiwán
Un chico conectado con la ciencia
Busca aliados de jazmín y una daga de metal
Y tiene apuro y a la vez paciencia

Tiene un radio para vivir, para vivir
Estamos como el amor que se echa a perder
Violando todo lo que amamos
Para vivir, para vivir

Tiene agujeros que no ves, picaduras de escorpión
Que oculta un maquillaje de inocencia
Todo lo que ves o es como la imaginación
Se junta con total interferencia

En la radio suena un violín
Pienso que estamos como el amor que se echa a perder
Violamos todo lo que amamos
Para vivir

(Chau loco, este tema se va en fade out)"
Piano Bar,Canción Para Mi Muerte (Bonus Track),"Hubo un tiempo que fui hermoso y fui libre de verdad
Guardaba todos mis sueños en cajitas de cristal
Poco a poco fui creciendo y mis fábulas de amor
Se fueron desvaneciendo como pompas de jabón

Te encontraré una mañana dentro de mi habitación
Y prepararás la cama

Es larga la carretera cuando uno mira atrás
Vas cruzando las fronteras sin darte cuenta, quizás
Tómate del pasamanos porque antes de llegar
Se aferraron mil ancianos, pero se fueron igual

Te encontraré una mañana dentro de mi habitación
Y prepararás la cama para dos


Quisiera saber tu nombre, tu lugar, tu dirección
Y si te han puesto (Teléfono), también tu numeración
Te suplico que me avises si me vienes a buscar
No es porque te tenga miedo, es que me quiero matar

Te encontraré una mañana dentro de mi habitación
Y prepararás la cama para dos"
Parte de la Religión,Necesito Tu Amor,"Voy a cambiar
Voy a insistir
Voy a pelear
Voy a seguir

Yo necesito tu amor
Tu amor me salva y me sirve
Yo necesito tu amor
Cada día un poco más

Yo tengo el vicio de dejarme llevar
Y poner mi cabeza en Marte
Tengo prejuicios que no puedo sacar
Tengo un cuerpo que quiere amarte

Yo ví tu amor, oooh
Yo ví tu amor, oooh


Dentro del mal
Cerca del fin
Cerca de vos
Dentro de mí

Yo necesito tu amor
Tu amor me salva y me sirve
Yo necesito tu amor
Cada día un poco más

No tengo nadie que yo quiera escuchar
Ni pasiones para abrigarme
No tengo máscara, no tengo disfraz
Ni señales para guiarme

Al menos hoy, oooh
Al menos hoy, oooh"
Parte de la Religión,Buscando un Símbolo de Paz,"Estás buscando un viejo camisón, estás buscando alguna religión
Estás buscando un símbolo de paz
Estás buscando algún incienso ya, estás buscando un sueño en un placard
Estás buscando un símbolo de paz

Y damos vueltas a la heladera
Y sólo queda un limón sin exprimir
Nos divertimos en primavera
Y en invierno nos queremos morir

Estás buscando un porro de papá, estás buscando un saco de mamá
Porque si nada queda, nada va
Estás buscando algún incienso ya, estás buscando un sueño en el placard
Estás buscando un símbolo de paz

Y damos vuelta a la discoteca
Y ya no quedan ganas de sonreir
Nos divertimos en primavera
Y en invierno nos queremos morir

¿Será porque nos queremos sentir bien
Y ahora estamos bailando entre la gente?
¿Será porque nos queremos sentir bien
Que ahora todo será diferente?

Estás buscando un símbolo de paz
(La-la-la-la-la-la-la, la-la-la-la-la-la-la)
Estás buscando un símbolo de paz

Y damos vueltas a la heladera
Y solo queda un limón sin exprimir
Nos divertimos en primavera
Y en invierno nos queremos morir

¿Será porque nos queremos sentir bien
Y ahora estamos bailando entre la gente?
¿Será porque nos queremos sentir bien
Que ahora todo será diferente?"
Parte de la Religión,Parte de la Religión,"Él no camina en barrios suburbanos
Él es un hombre decente
Él nunca toca la gente con las manos
Él es tan independiente

Es parte de la religión
Es parte de la religión
Es parte de la religión

Él siente culpa, él vive torturado
Él no es tan inteligente
Él nunca avanza, camina de costado
Él tiene miedo a su mente

Es parte de la religión
Es parte de la religión
Es parte de la religión

Ella se desnuda y se desviste tan lésbicamente
Que no puedo dejar de sonreír
Todo se construye y se destruye tan rápidamente
Que no puedo dejar de sonreír

Es parte de la religión
(Matar)
Es parte de la religión
(Mentir)
Es parte de la religión"
Parte de la Religión,Rap de las Hormigas,"Vamos al campo a descansar
No queda nada, nada, nada que jalar
Es vacaciones, me quiero ir
A ver las focas y el casino en la Feliz

No me banco las hormigas
Por favor, pasame el Raid (Ay)

No tengo teca, no tengo grass
Y la heladera no funciona porque la misma es a gas
¿Comida? No hay más
Estoy en el medio de la selva, esto no lo aguanto más

No me banco las hormigas
Yo me vuelvo a la ciudad (Ah)"
Parte de la Religión,Adela en el Carrousell,"Adela en el carrousell
Y los espejos son sonrisas; la sortija, un aparato de amor
Adela en el carrousell
Y los caballos de madera que la mecen y le mojan la piel

Ten piedad, no seas así
No le des patadas a los locos
Ten piedad, no seas así
Voy desvaneciendo sin tu amor

El sol empieza a salir
Y en los jardines de su mente, hay estatuas que ella debe pulir
La luna empieza a llorar
Y cuando todo es tan plateado, hay colores que no pueden entrar

Ten piedad, no seas así
No le des patadas a los locos
Ten piedad, no seas así
Voy desvaneciendo sin tu amor

Y a través de la sortija, ella lo convirtió
En un caballo que gira y gira a su alrededor
Tanto girar, girar es un defecto
Tanto esperar, esperando que se haga realidad
Él se pasa girando sin parar
Nada es perfecto


(Adela en el más allá)
Es una estrella clandestina que ilumina los despojos de amor
(Él sólo quiere mirar)
La calesita de los sueños que se fueron y ya no volverán

Ten piedad, no seas así
No le des patadas a los locos
Ten piedad, no seas así
Voy desvaneciendo sin tu amor"
Parte de la Religión,No Voy en Tren,"No voy en tren, voy en avión
No necesito a nadie, a nadie alrededor
No voy en tren, voy en avión
No necesito a nadie, a nadie alrededor

Porque no hay nadie que mi piel resista
Porque no hay nadie que yo quiera ver
No veo televisión ni las revistas
No veo ya nada que no pueda ser

Por eso yo no voy en tren, voy en avión
No necesito a nadie, a nadie alrededor
No voy en tren, voy en avión
No necesito a nadie, a nadie alrededor

Cuando era niño, nunca fui muy listo
Tocaba el piano como un animal
Yo sé que algunos piensan que soy mixto
Pero yo tengo personalidad

Yo soy de la cruz del sur
Soy el que cierra y el que apaga la luz
Yo soy de la cruz del sur
Aquí y en everywhere


(Ah-ah, ah-ah)
(Ah-ah, ah-ah)
No voy en tren, voy en avión
No voy en tren, voy en avión
(Ah-ah, ah-ah)
(Ah-ah, ah-ah)
(Ah-ah, ah-ah) (Ah-ah, ah-ah)
(Ah-ah, ah-ah) (Ah-ah, ah-ah)"
Parte de la Religión,Rezo Por Vos,"La indómita luz se hizo carne en mí
Y lo dejé todo por esta soledad
Y leo revistas en la tempestad
Hice el sacrificio, abracé la cruz al amanecer

Rezo, rezo
Rezo, rezo

Morí sin morir y me abracé al dolor
Y lo dejé todo por esta soledad
Ya se hizo de noche y ahora estoy aquí
Mi cuerpo se cae, sólo veo la cruz al amanecer

Rezo, rezo
Rezo, rezo por vos

Y curé mis heridas
Y me encendí de amor
Y quemé las cortinas
Y me encendí de amor, de amor sagrado

Y entonces, y entonces
Y entonces, y entonces
Y entonces, y entonces
Y entonces, y entonces
Rezo

Y curé mis heridas
Y me encendí de amor
Y quemé las cortinas
Y me encendí de amor, de amor sagrado

Rezo, rezo
Rezo, rezo por vos"
Parte de la Religión,El Karma de Vivir Al Sur,"Me vas a hacer feliz
Vas a matarme con tu forma de ser
Me vas a hacer reír
Vas a matarme con tu forma de ser

Me vas a hacer feliz
Vas a mostrarme ese lado inconcluso
Me vas a hacer reír
Vas a mostrarme lo que no puede ser

Me vas a hacer feliz
Vas a matarme con tu forma de ser
Me vas a hacer reír
Vas a matarme con tu forma de ser

No voy a desistir
Aunque me digan que todo es tan iluso
No voy a desistir
Aunque me digan que ya no hay nada más

Sentir hasta resistir
El karma de vivir al sur
Sentir hasta resistir
El karma de vivir sin luz

Yo sé que un día ya no habrá perdón
Yo sé que un día no habrá confusión
Porque si confías en mí
Todo estará siempre

Me vas a hacer feliz
Me vas a hacer feliz
Me vas a hacer feliz
Me vas a hacer feliz"
Parte de la Religión,Ella Adivinó,"Ella adivinó
Ella adivinó, ella adivinó

Ella adivinó todo lo que yo estaba pensando
Ella adivinó, ella sólo, sólo adivinó
Ella adivinó todo lo que me estaba pasando
Ella adivinó, ella sólo, sólo adivinó

Con un juego, una canción
Cambiaste este pequeño amor bajo el sol

¿Cuánto tiempo más yo te seguiré esperando?
¿Cuánto tiempo más dime sólo cuánto tiempo más?
¿Cuánto tiempo más seguirá mi corazón sangrando?
¿Cuánto tiempo más dime sólo cuánto tiempo más?

Como un perro en la prisión
Recuerdo este pequeño amor bajo el sol

(Aaah-aaah-aaah
Aaah-aaah-aaah
Aaah-aaah-aaah)"
Parte de la Religión,La Ruta del Tentempié,"Éxtasis
Todo el tiempo vivo en éxtasis
Una forma de amor
Un remedio de ser feliz
Es para mí
Todo el tiempo vivo en éxtasis
Un misterio de amor
Una forma de ser feliz

Nunca me animé a decirte nada
Nunca me animé a mostrar mi amor
Nunca penetré en tu mirada

Éxtasis
Todo el mundo quiere éxtasis
Un misterio de amor
Una forma de ser feliz


Resiste
Yo sé que existe amor en tu piel
Resiste
Yo sé que existe amor en tu piel

Y no voy a esperar, y no voy a correr
Y no voy a ganar, y no voy a perder
Soy un típico ser en la ruta del tentempié"
Cómo Conseguir Chicas,No Toquen,"Están muertos, están muertos, están muertos
Están muertos, están muertos, están muertos
Váyanse de aquí, váyanse de aquí, váyanse
Muertos

No me toquen mis discos
No me toquen mi ajuar
No me toquen las manos
Ya no me toquen, ¡no!

Están muertos, están muertos, están muertos
Están muertos, están muertos, están muertos
Sáquenme de aquí, sáquenme de aquí
Sáquenme

Ya no me toquen, ¡no!

No toquen, no toquen, no toquen, no
No toquen, no quiero que me toquen, no toquen, ¡no!
No toquen, no toquen, no toquen, no
No toquen, no quiero que me toquen, ya no me toquen, ¡no!
(¡Ah!)"
Cómo Conseguir Chicas,Zocacola,"Ella busca en los jazmines
Él la busca en la ciudad
Ella sueña encontrar
Él intenta soñar, pero ella no está (Ah-ah-ah)

Ela vai onde imagina
Que ele pense que ela esta
Ele sonha na noite
Ela escuta os ecos do dia

¿Dónde está?
¿Onde está?
¡Ela passa tão perto e não ve!
Quizás hoy no es el día
Ella llora en los jardines (Uh)
Él está cansado de llorar
Ela não tem o que quer
E ele tem o que ela precisa

¿Dónde está?

Oooh-oh-oh-oh
Oooh-oh-oh-oh
Oooh-oh-oh-oh"
Cómo Conseguir Chicas,Fanky,"No voy a parar, yo no tengo dudas
No voy a bajar, déjalo que suba
Por eso no quiero parar, ya no tengo dudas
No voy a bajar, déjalo que suba

Gozar es tan parecido al amor
Gozar es tan diferente al dolor

Él cambió una dirección
Otra oportunidad merece alguna decisión
(Uh-uh-uh-uh; ¡basta!)

No voy a parar, yo no tengo dudas
No voy a bajar, déjalo que suba

Gozar es tan parecido al amor
Gozar es tan diferente a matar

Cuando pienso en el fin
Cuando pienso en todo lo que dí
Cuando sueño el final
Cuando sueño que todo va a acabar

Gozar es tan necesario, mi amor
Gozar es tan diferente al dolor"
Cómo Conseguir Chicas,No Me Verás en el Subte,"No me verás, no me verás, no me verás en el subte
No me verás, no me verás, no me verás en el subte
No me verás, no me verás

La llave que yo tengo puede abrir
Tan solo el corazón de los extraños
Las almas que no tienen dónde ir
Se vuelven a reunir en subterráneos

Oh, me tengo que esconder
Oh, me tengo que esconder


Jamás me encontrarás de nuevo aquí
Sé que hubo una traición, hubo un engaño


Oh, me tengo que esconder
Oh, me tengo que esconder


Yo recuerdo tu piel, yo recuerdo tu voz
Como las estaciones, yo te vi reír
Ya no llores

No me verás, no me hablarás
No me verás, no me verás"
Cómo Conseguir Chicas,Ella Es Bailarina,"Ella es bailarina, ella es bailarina
Y sabe todo lo que debe saber
Pero todavía hay algo que no pudo hacer
Es un buen maestro, es un buen maestro
Y sabe todo lo que debe saber
Pero todavía hay algo que no pudo aprender

Ella se saca la estola de visón
Y el soutien dorado, y el soutien dorado
Él pone fuego en el calefón
Y juntos se bañan los dos

Es un policía, es un policía
Y siempre cumple con su justo deber
Pero todavía hay algo que no pudo hacer (Pero hay algo que no pudo hacer; que no pudo hacer, eh)


Cuando el maestro debe ir a estudiar
Llega el azulado, llega el azulado
Deja la guardia en la seccional
Tan solo para verla bailar

Es un sacerdote, es un sacerdote
Y siempre cumple con su santo deber
En un club nocturno reventado los casó a los tres (Los casó a los tres)

En un club nocturno reventado
Los casó a los tres
En un club nocturno reventado
Los casó a los tres (Los casó a los tres)"
Cómo Conseguir Chicas,Anhedonia,"El tiempo vuelve a pasar
Pero no hay primavera en Anhedonia
El tiempo vuelve a llorar
Pero no hay primavera en Anhedonia

Y aunque las luces son suaves
Y el cine está aquí
No hay nada que hacer, de noche no pasa nada
(Nada más que el tren)

Un ángel vuela en París
Y un chico nace casi en Anhedonia
Está tan lejos de aquí
Porque ella solo vive en Anhedonia

Ella hizo un pacto de sangre
A pesar de mí
No tengo que hacer maletas, no siento nada
(Nada más en mí)


No, no tengo que volver
Hay sangre en la calle, calle
Ay, no hay que vivir así
Porque antes que tu madre
Mucho antes que el dolor
¡El amor cambia tu sangre!

Y aunque la noche es tan suave
Y el tiempo feliz
No tengo que hacer maletas, no siento nada"
Cómo Conseguir Chicas,Suicida,"Todo el mundo en la ciudad
Es un suicida
Es un suicida
Y es la verdad
Todo el mundo en la ciudad
Es un suicida
Tiene una herida
Y es la verdad
Quisiera ver ese mar al amanecer
(Preciso tiempo para crecer)
Quisiera ver ese mar
Y veo esta pared
¡Yo ya no se qué hacer!
Todo gato en la ciudad
Tiene mil vidas
Tiene mil vidas
Y es la verdad
Todo el mundo sabe bien
Que no hay salida
Somos suicidas
Y es la verdad
Pero si vas hacia el mar al amanecer
Quizás extrañes a la pared
Somos estatuas de sal
Queremos volver
¡Yo ya no miro atrás
Ya no queda mucho más!
(Ahora no pregunto más adónde va la estrada
Ahora ya no espero más aquella madrugada)"
Cómo Conseguir Chicas,Fantasy,"Siempre que salgo tengo al lado un monitor
Y no se quién está aquí
Alguien me llama por el maldito amor
Y no sé quién está aquí
No conozco a nadie
Y todos saben de mí
Pero es así
Porque siempre estoy en Fantasy

Cuando estoy sólo ya no sé por quien vivir
Porque nunca estás aquí
Ya mis pies congelados llegan hasta mí
Porque nunca estás aquí
No sabes de nada
Y todos hablan de ti
Pero es así
Porque siempre estás en Fantasy

Fantasy es un lugar
Del que nadie puede regresar
Del que nadie puede regresar
Fantasy es ilusión
Porque nunca hay nadie alrededor
Porque nunca hay nadie alrededor


No conozco a nadie
Quisiera verte a ti
Pero es así
Porque siempre estás-

Fantasy es un lugar
Del que nadie puede regresar
Del que nadie puede regresar
Fantasy es ilusión
Porque nunca hay nadie alrededor
Porque nunca hay nadie alrededor"
Cómo Conseguir Chicas,A Punto de Caer,"Viajaste de verdad
Pasaste sustos
Saltaste la pared
Cambiando
Yo estaba en un lugar
A punto de caer
Y aunque te parezca extraño
Música es lo que das
Si estás así
Piensa
El problema no está aquí
Cambiar es bien
Aún sin amor
Aún sin creer
Entiende
Donde estoy
Quizás tendrás que ver
A dónde vas
Piensalo otra vez
Entiende y ten valor
Salta y se feliz
Intenta
Para que fingir
No vale la pena
Música es lo que me das"
Cómo Conseguir Chicas,Shisyastawuman,"She's just a woman
She didn't like everything I see
She's just a woman
She was wrong to set me free

And I don't like everything she wears
And I don't like everything she said
And maybe she will never see
The track of my tears

She's just a woman
This is her song as you can see
She's just a woman
She's no friend, no enemy

And I like everything she says
And maybe she will be the one to see
The track of my tears

Everywhere I go
I see her face on the ground

And when I lose control
I keep it to myself
She doesn't want to know
The things I fear

Everywhere I go
I see her face on the ground

She's just, just a woman to me"
Filosofía Barata y Zapatos de Goma,De Mí,"Cuando estés mal, cuando estés solo
Cuando ya estés cansado de llorar
No te olvides de mí
Porque sé que te puedo estimular

Cuando me mires a los ojos
Y mi mirada esté en otro lugar
No te acerques a mí
Porque sé que te puedo lastimar

No pienses que estoy loco
Es sólo una manera de actuar
No pienses que estoy solo
Estoy comunicado con todo lo demás, por eso

Cuando estés mal, cuando estés sola
Cuando ya estés cansada de llorar
No te olvides de mí
Porque sé que te puedo estimular


No te olvides de mí
Porque sé que te puedo estimular"
Filosofía Barata y Zapatos de Goma,Filosofía Barata y Zapatos de Goma,"Conozco un empleado que fue muerto de pena
Enamorado de las sirenas
El cine de mi barrio ya me mostró la escena
No vi tu alma y quería tus venas

Y en este torbellino donde nada importa
Me sentí aliado y te perdí
Pero sí vi tus ojos y hasta comí la arena
Quise quedarme pero me fui

Filosofía barata y zapatos de goma
Ni esta mentira te hace feliz
Quise quedarme cuando morí de pena
Quise quedarme pero me fui

Y en la terminal, y en la terminal
Estoy descalzo y te espero a ti
El ómnibus se ha ido, el amor se ha vencido
Quise quedarme pero me fui

Filosofía barata y zapatos de goma
Quizás es todo lo que te dí

Quizás es todo lo que te dí


Quizás es todo lo que te dí"
Filosofía Barata y Zapatos de Goma,Reloj de Plastilina,"Una vez creí que nada iba a pasarme
Una vez pensé que nadie iba a matarme
(El tiempo pasó) Entre rayuelas y cometas
Entre un amor y bicicletas
Y aunque estuviera sólo, sabía jugar
Aunque quisiera llorar

Yo te quería amar y no sabía tu nombre (Yo te quería amar)
Te quería encontrar pero no sabía dónde
(Yo te fui a buscar) Quería que todo fuera eterno
Se fue el amor, llegó el invierno
Y anduve tiritando en cualquier lugar
Y sólo pude llorar

Alcanzar lo interminable
Rebotando en la pared
Dando vueltas en el aire
Mientras el payaso hace la red

Nadie pudo ver que el tiempo era una herida
Lástima nacer y no salir con vida

Yo quiero llorar
Reloj de plastilina, no existes más
Ya no te puedo esperar

Mientras el payaso hace la red

Salgo a caminar y sigo imaginando (Salgo a caminar y sigo imagi-)
Fui lo que creí soy lo que está pasando (Soy lo que está pasando)
(No quiero llorar) No quiero estar envuelto en penas
Siempre arrastrando estas cadenas
Si el tiempo no es amigo no importa más

Yo sólo quiero jugar

Jugar, jugar
Solo quiero ver jugar

Yo solo quiero jugar


Solo te quiero jugar
Oh-oh-oh-oh, oh-oh-oh
Oh-oh-oh-oh, oh-oh-oh
Oh-oh-oh-oh, oh-oh-oh
Oh-oh-oh-oh, oh-oh-oh
Oh-oh-oh-oh, oh-oh-oh (Check it out, check it out, baby, check it out)
Oh-oh-oh-oh, oh-oh-oh"
Filosofía Barata y Zapatos de Goma,Gato de Metal,"Yo soy un gato de metal, vivo en un agujero
Tengo una ansiedad como de año nuevo
Nunca sé dónde estoy
Nunca sé dónde voy

Tengo miedo de la escena de la calle
Tengo miedo que en la calle no haya nadie
Esa es la rapsodia de los que decoran el tiempo (Ooh-oh)

Por eso vivo en los tejados, viajo en subterráneo
Amo a los extraños
Mi comodidad sólo es mi aventura
Nunca será igual, nunca nada dura

¿Vos te querías comprar un perro?
Pero soy un gato
¿Vos te querías comprar un perro?
Pero soy un gato"
Filosofía Barata y Zapatos de Goma,No Te Mueras en Mi Casa,"No sé qué mierda pasó en San Telmo
Aunque en verdad mucho no me interesa
Te veo deambular cual bicho enfermo
Raspándole los bordes a la mesa

Te he visto en situaciones similares
Presiento lo tremendo del momento
Se ve por tu temblor de maxilares
Que te cargaste un par de bolsas de cemento

Andá a la esquina a ver si llueve
Buscate un bar abierto que aún se puede
Tomate un whisky a ver si se te pasa
Pero por favor, no te mueras en mi casa

El barrio fue y será una porquería (Ya lo sé)
Hay pocos como yo, samaritanos
Te escucharé, primor, mas con el día
Rodarás barranca abajo por Belgrano

He visto muchos casos de epilepsia
Conozco la leyenda del colmillo
Tomemos el asunto con Asepsia
Pero por favor no te mueras en mi altillo

Taza-pasa
Cada cual a su casa
Taza-pasa
Cada cual a su casa
Ooh-ooh-ooh-ooh
(Me quedan unos segundos
Y la humedad en el piso) "
Filosofía Barata y Zapatos de Goma,Curitas,"Yo te extraño, yo te extraño
Me extraño a mí
(Estoy solo, estoy solo)
No estás aquí

La chica que esperaba era infinita
Como el bajo que perdí
Pegaba las canciones con curitas
Hay algo sangrando, hay algo que sangra porque

Yo te extraño, yo te extraño
Estoy solo, estoy solo
Ya no soy mí

Y si ya no hay más noches estrelladas ni lugares dónde ir (Gris)
La música está ya muy separada
Nadie va a grabar, nadie va a grabarme a mí


Hay veces que no puedo dormir
Hay veces que no quiero
Hay veces que me gustaría verte aquí (¡Eh!)

Todo el mundo tiene penas
Pero yo ya extraño hasta tus problemas
Quiero eco, vuelve a mí, porque

Yo te extraño

La chica que esperaba era infinita
Como el bajo que perdí
Pegaba las canciones con curitas
Y hay algo que sangra, y hay algo que sangra en mí

( hay algo que sangra )


Hay noches que no puedo dormir
Hay noches que no puedo dormir
Hay noches que no puedo dormir
Sin curitas"
Filosofía Barata y Zapatos de Goma,Solo un Poquito No Más,"Dame uno más, dame un poquito
Sólo un poquito no más
Yo quiero más
Yo necesito, sólo un poquito no más

When the New York girls came to Buenos Aires
They danced the tango all night long
Forget the plans, forget the manners
Forget everything till down

So I watched the girls walking down the streets
They look like ghost from the silver screen
And they have nowhere to go, so I asked them
Where are you going? What are you doing?
And you know what they said to me? They just said, yeah

Dame uno más, dame un poquito
Sólo un poquito no más
Yo quiero más
Yo necesito, sólo un poquito no más

Now we see the girls back in New York City
Fun, isn't cheap anymore
They have to work, take care of manners
The nights are shorter at home

I remember them walking down the street
Many years ago, even then I knew
I've seen this picture before
So I said you are no angel, you are no stranger
You are the authentic New York Blondes

Dame uno más, dame un poquito
Sólo un poquito no más
Yo quiero más
Yo necesito, sólo un poquito no más
Dame uno más, dame un poquito
Sólo un poquito no más
Yo quiero más
Sólo un poquito no más
Dame uno más
(Sólo un poquito no más)
Yo quiero más
Dame uno más, dame un poquito
Sólo un poquito no más
Yo quiero más
Yo necesito sólo un poquito no más
Sólo un poquito no más"
Filosofía Barata y Zapatos de Goma,Me Siento Mucho Mejor,"No razonar, desaparecer
Cuando tenías que estar, te echaste a correr
Lo que hiciste en mí no tiene perdón

Y yo sé que me siento mucho más fuerte
Sin tu amor

Mucho tiempo atrás (Mucho tiempo atrás)
Me hiciste sentir (Me hiciste sentir)
Que nuestro amor era más, y de esa forma vivir
No sé más quién soy (No sé más quién soy)
¿De qué te reís?

Y ahora sé que me siento mucho más fuerte
Sin tu amor
Oh, sin tu amor

No sé más qué hacer (No sé más qué hacer)
No sé qué decir (No sé qué decir)
Cuando tenías que estar, te echaste a reír
Lo que hiciste en mí (Lo que hiciste en mí), no tiene perdón

Y ahora sé que me siento mucho más fuerte
Sin tu amor
Y yo sé que me siento mucho más fuerte
Sin tu amor
Oh, sin tu amor
Oh, sin tu amor"
Filosofía Barata y Zapatos de Goma,Siempre Puedes Olvidar,"Puedo deslizar en la oscuridad
Puedo hasta eclipsar las luces
Con sólo mirar
Dicen ya entender
Mienten
Porque en el fondo este misterio
Sólo sea esta estrella
Quizás mañana alguien
Viaje para otro país
Lo podremos despedir
Dame amor hasta mañana
Hasta que te quieras ir
Siempre puedes olvidar
Puedo aterrizar sin luces
Puedo aterrizar en la oscuridad
Puedo hasta abrazar las cruces
Es sólo amor
Dices al rezar
Entra
Vamos a dar algunas vueltas por ahí
A mirar de cerca
Quizás mañana alguien viaje para este país
Lo podremos saludar
Dame amor hasta mañana
Hasta que te quieras ir
Siempre puedes olvidar"
Filosofía Barata y Zapatos de Goma,La Canción del Indeciso,"Estupidez con las manos
Bardo con los pies
Altos y enanos
Visten con la misma piel
Arengador suburbano
Dijo tente fe
Creí que era hermano
Pero siempre desconfié
Porque yo soy un indeciso
La verdad es que nunca supe bien que hacer
Estoy hasta las manos
Pero sin dormir
La parca empuja
Pero no voy a seguir
Arengador suburbano
Ya vete de aquí
Si me margino
Me margino porque sí
Porque yo soy un indeciso
La verdad es que nunca supe bien qué hacer
No pienses que estoy loco
Es sólo una manera de actuar
No pienses que estoy solo
Estoy comunicado con todo lo demás
Te siguen hasta los perros
Pero sin morder
Me das los hongos
Pero no voy a comer
Arengador suburbano
Dijo tente fe
Porque yo soy un indeciso
La verdad es que nunca supe bien que hacer
Estupidez con las manos
Bardo con los pies
Altos y enanos
Visten con la misma piel
Arengador suburbano
Dijo tente fe
Creí que era hermano
Pero siempre desconfié
Porque yo soy un indeciso
La verdad es que nunca supe bien que hacer
Porque yo soy un indeciso
La verdad es que nunca supe bien que hacer
Supe bien que hacer
Supe bien que hacer"
Filosofía Barata y Zapatos de Goma,Himno Nacional Argentino,"Oíd, mortales, el grito sagrado
¡Libertad, libertad, libertad!
Oíd el ruido de rotas cadenas
Ved el trono a la noble igualdad
Ya su trono dignísimo abrieron
Las Provincias Unidas del Sur
Y los libres del mundo responden
Al gran pueblo argentino, ¡salud!
Al gran pueblo argentino, ¡salud!
Y los libres del mundo responden
Al gran pueblo argentino, ¡salud!
Y los libres del mundo responden
Al gran pueblo argentino, ¡salud!
Sean eternos los laureles
Que supimos conseguir
Que supimos conseguir
Coronados de gloria vivamos
O juremos con gloria morir!
¡O juremos con gloria morir!
¡O juremos con gloria morir!
Y juremos con gloria vivir"
